Product_Names,Budget
Product 1,1613979
Product 2,9323259
Product 3,7968585
Product 4,4434995
Product 5,7910388
Product 6,6612165
Product 7,2127619
Product 8,7380914
Product 9,2996869
Product 10,5529403
Product 11,3255892
Product 12,7508636
Product 13,8272656
Product 14,3788195
Product 15,7996651
Product 16,8211559
Product 17,3705077
Product 18,9696382
Product 19,6441977
Product 20,1073728
Product 21,7808769
Product 22,6504127
Product 23,7806410
Product 24,2775122
Product 25,6097438
Product 26,8269158
Product 27,9215578
Product 28,1203009
Product 29,8845422
Product 30,2212397
Product 31,6398603
Product 32,5729329
Product 33,7144579
Product 34,8421163
Product 35,3543264
Product 36,5484502
Product 37,7582075
Product 38,3016466
Product 39,5558398
Product 40,6606551
Product 41,5346523
Product 42,5002606
Product 43,8064802
Product 44,7691653
Product 45,9911806
Product 46,4382077
Product 47,4530527
Product 48,8978509
Product 49,6186855
Product 50,4175014
Product 51,9259948
Product 52,2244844
Product 53,4864767
Product 54,4388502
Product 55,5326449
Product 56,5854603
Product 57,6091691
Product 58,3945733
Product 59,3205259
Product 60,1187410
Product 61,5103445
Product 62,8088747
Product 63,4033976
Product 64,3802495
Product 65,3127517
Product 66,9231667
Product 67,1630015
Product 68,8367395
Product 69,8130026
Product 70,4401170
Product 71,1125070
Product 72,3242854
Product 73,9330796
Product 74,1832288
Product 75,9576837
Product 76,5483005
Product 77,9226793
Product 78,6687987
Product 79,5324505
Product 80,7155325
Product 81,8554775
Product 82,2503560
Product 83,7475758
Product 84,4428678
Product 85,1641877
Product 86,9387614
Product 87,4367151
Product 88,9269175
Product 89,8851991
Product 90,1908542
Product 91,1582470
Product 92,6756757
Product 93,5094661
Product 94,7206935
Product 95,8457595
Product 96,3964535
Product 97,4565399
Product 98,1374848
Product 99,4124665
Product 100,5675664
Product 101,7091762
Product 102,8796683
Product 103,4201739
Product 104,7577929
Product 105,1549644
Product 106,8196724
Product 107,7536350
Product 108,8793451
Product 109,2266387
Product 110,6909230
Product 111,3141334
Product 112,7530150
Product 113,4116510
Product 114,2794694
Product 115,8513231
Product 116,4596250
Product 117,5764404
Product 118,4747786
Product 119,7812703
Product 120,6888762
Product 121,4715131
Product 122,7527788
Product 123,9697874
Product 124,9526746
Product 125,9414598
Product 126,6851597
Product 127,2475594
Product 128,3483878
Product 129,1615777
Product 130,8439379
Product 131,8091211
Product 132,1210628
Product 133,8972425
Product 134,4662749
Product 135,4453853
Product 136,8023962
Product 137,1769803
Product 138,4705716
Product 139,4649159
Product 140,8870070
Product 141,8594430
Product 142,6628475
Product 143,4542765
Product 144,7004997
Product 145,1972350
Product 146,4394090
Product 147,8327820
Product 148,1563482
Product 149,8818890
Product 150,9874181
Product 151,6212142
Product 152,3655427
Product 153,6444388
Product 154,9261414
Product 155,2955889
Product 156,9023323
Product 157,5471281
Product 158,7911569
Product 159,5722040
Product 160,1878099
Product 161,5406759
Product 162,6559722
Product 163,3973014
Product 164,1655340
Product 165,2771919
Product 166,1373615
Product 167,9164644
Product 168,8039593
Product 169,8122953
Product 170,1496566
Product 171,6918375
Product 172,9534895
Product 173,6117048
Product 174,3242283
Product 175,1446148
Product 176,9524680
Product 177,5980917
Product 178,2534823
Product 179,2787669
Product 180,5369123
Product 181,8845973
Product 182,8075295
Product 183,5106995
Product 184,2180771
Product 185,3848098
Product 186,7867351
Product 187,7610182
Product 188,3290174
Product 189,4040549
Product 190,5463058
Product 191,9601336
Product 192,7228331
Product 193,7426223
Product 194,9393036
Product 195,4118954
Product 196,3622334
Product 197,4811528
Product 198,9376186
Product 199,6223244
Product 200,2705731
Product 201,4705114
Product 202,9343302
Product 203,5385295
Product 204,8738629
Product 205,9579631
Product 206,5451738
Product 207,2032875
Product 208,8841083
Product 209,5916771
Product 210,8515119
Product 211,9107877
Product 212,1858637
Product 213,8045098
Product 214,4221926
Product 215,2375500
Product 216,4892134
Product 217,6888832
Product 218,6597185
Product 219,8726117
Product 220,6029079
Product 221,8627485
Product 222,3201004
Product 223,4652288
Product 224,6974154
Product 225,6935802
Product 226,7519767
Product 227,1123325
Product 228,3756453
Product 229,6252180
Product 230,5411419
Product 231,8560021
Product 232,6580868
Product 233,6330509
Product 234,6098278
Product 235,8123361
Product 236,1249278
Product 237,2101588
Product 238,6255382
Product 239,1984884
Product 240,7101955
Product 241,9322957
Product 242,6905480
Product 243,7776419
Product 244,4254289
Product 245,4206546
Product 246,5338537
Product 247,8393782
Product 248,5712098
Product 249,4525416
Product 250,8571499
Product 251,9937802
Product 252,2181196
Product 253,9733610
Product 254,8828281
Product 255,2162655
Product 256,6476127
Product 257,4138861
Product 258,2259811
Product 259,3943044
Product 260,7158411
Product 261,2390917
Product 262,3581838
Product 263,2426064
Product 264,1406405
Product 265,8369833
Product 266,5923244
Product 267,8295345
Product 268,8298119
Product 269,1244986
Product 270,6699317
Product 271,1848287
Product 272,9174209
Product 273,9384375
Product 274,2954730
Product 275,7126503
Product 276,7819450
Product 277,3614444
Product 278,1090044
Product 279,7180671
Product 280,6572829
Product 281,6750236
Product 282,2728178
Product 283,1826940
Product 284,1624343
Product 285,5930242
Product 286,3133893
Product 287,1096785
Product 288,7097819
Product 289,8410867
Product 290,5512274
Product 291,1390214
Product 292,2664007
Product 293,1950125
Product 294,2524707
Product 295,5829460
Product 296,2944390
Product 297,7969069
Product 298,4792092
Product 299,4011684
Product 300,2712073
Product 301,6895583
Product 302,3408888
Product 303,5808082
Product 304,3290947
Product 305,1107775
Product 306,1391936
Product 307,3293542
Product 308,7461581
Product 309,8802812
Product 310,3681425
Product 311,6435887
Product 312,2228242
Product 313,9360238
Product 314,8749027
Product 315,1912953
Product 316,7339839
Product 317,5524876
Product 318,5142132
Product 319,1837065
Product 320,4265879
Product 321,5542593
Product 322,9795939
Product 323,8378848
Product 324,5062156
Product 325,8815172
Product 326,3044964
Product 327,4843833
Product 328,1558147
Product 329,7570847
Product 330,7763502
Product 331,6493271
Product 332,2370372
Product 333,7906696
Product 334,9423429
Product 335,1971866
Product 336,6981980
Product 337,7548853
Product 338,8660791
Product 339,4212229
Product 340,7683708
Product 341,2568411
Product 342,7783375
Product 343,9646223
Product 344,9443095
Product 345,1770182
Product 346,9484499
Product 347,2799831
Product 348,1353554
Product 349,6523820
Product 350,4656553
Product 351,6508749
Product 352,2458878
Product 353,3224365
Product 354,8210321
Product 355,5019086
Product 356,2371887
Product 357,2524931
Product 358,7947110
Product 359,8452063
Product 360,7126435
Product 361,6382203
Product 362,9300022
Product 363,1946939
Product 364,3304201
Product 365,7829769
Product 366,1024662
Product 367,2223347
Product 368,3307613
Product 369,5912262
Product 370,7473287
Product 371,4323707
Product 372,5570786
Product 373,4668853
Product 374,8117418
Product 375,9140682
Product 376,5264573
Product 377,4424778
Product 378,8011438
Product 379,4422262
Product 380,6038245
Product 381,8421458
Product 382,9482427
Product 383,9342464
Product 384,5543968
Product 385,2330351
Product 386,5374529
Product 387,3633855
Product 388,5391422
Product 389,8063295
Product 390,4837677
Product 391,3236618
Product 392,2544500
Product 393,9350681
Product 394,7777011
Product 395,7696557
Product 396,3083699
Product 397,4184994
Product 398,2526175
Product 399,3333797
Product 400,3567907
Product 401,6772460
Product 402,1285786
Product 403,9343594
Product 404,6536508
Product 405,6059956
Product 406,6284853
Product 407,7504383
Product 408,8451794
Product 409,7364816
Product 410,2991166
Product 411,5670442
Product 412,4864144
Product 413,2664725
Product 414,6386188
Product 415,8234849
Product 416,4734784
Product 417,2121487
Product 418,8705534
Product 419,4464270
Product 420,2295508
Product 421,7250664
Product 422,1626068
Product 423,8811634
Product 424,4529561
Product 425,7070634
Product 426,6131027
Product 427,5419174
Product 428,4197924
Product 429,3671266
Product 430,8599524
Product 431,5010924
Product 432,3126913
Product 433,1841863
Product 434,1919195
Product 435,2497132
Product 436,3108854
Product 437,7678098
Product 438,5678034
Product 439,8641733
Product 440,2904315
Product 441,8147765
Product 442,8209827
Product 443,4111913
Product 444,3108060
Product 445,1543111
Product 446,5732421
Product 447,1819776
Product 448,5153751
Product 449,3615883
Product 450,5139125
Product 451,4722771
Product 452,5564306
Product 453,1739287
Product 454,8985238
Product 455,5971330
Product 456,1131484
Product 457,2632441
Product 458,2208165
Product 459,8213141
Product 460,5588680
Product 461,9245362
Product 462,5463971
Product 463,4777313
Product 464,5200018
Product 465,2692855
Product 466,2568239
Product 467,6995870
Product 468,4528192
Product 469,2887525
Product 470,9272451
Product 471,2053395
Product 472,4426006
Product 473,4257211
Product 474,6596195
Product 475,4753731
Product 476,5454118
Product 477,9166711
Product 478,5704250
Product 479,8905490
Product 480,9041600
Product 481,6493180
Product 482,3053347
Product 483,3216124
Product 484,2499517
Product 485,8369397
Product 486,6497006
Product 487,3613111
Product 488,3308484
Product 489,8550954
Product 490,2793888
Product 491,7158425
Product 492,7895976
Product 493,8176258
Product 494,9060037
Product 495,2855266
Product 496,8576574
Product 497,2668656
Product 498,9463219
Product 499,1837806
Product 500,9481215
Product 501,9498101
Product 502,3957204
Product 503,7168134
Product 504,7933456
Product 505,7444301
Product 506,4390528
Product 507,8004750
Product 508,5531942
Product 509,2368037
Product 510,8841650
Product 511,6514980
Product 512,9892457
Product 513,1858450
Product 514,7241368
Product 515,2670512
Product 516,6560011
Product 517,5265805
Product 518,7471901
Product 519,7873236
Product 520,6470253
Product 521,8688781
Product 522,6541038
Product 523,2830102
Product 524,2914892
Product 525,2493389
Product 526,3085266
Product 527,7695450
Product 528,5414550
Product 529,7813091
Product 530,2311215
Product 531,9230908
Product 532,6856720
Product 533,2178515
Product 534,4534396
Product 535,1414825
Product 536,2241595
Product 537,1187438
Product 538,2866230
Product 539,7757395
Product 540,6435594
Product 541,4580473
Product 542,1882815
Product 543,4777881
Product 544,1947105
Product 545,2307685
Product 546,8448193
Product 547,9201080
Product 548,9552644
Product 549,2901214
Product 550,5999652
Product 551,6981904
Product 552,2615277
Product 553,8080171
Product 554,4919412
Product 555,4940389
Product 556,3770635
Product 557,4998143
Product 558,2594138
Product 559,4855154
Product 560,6133502
Product 561,7998875
Product 562,8231342
Product 563,6494674
Product 564,4280187
Product 565,4584069
Product 566,3092198
Product 567,7544315
Product 568,7380097
Product 569,6149615
Product 570,9859208
Product 571,9453922
Product 572,2741553
Product 573,9263647
Product 574,6094781
Product 575,7447392
Product 576,4915121
Product 577,1089622
Product 578,5854866
Product 579,8288473
Product 580,4241337
Product 581,9581168
Product 582,9416800
Product 583,8002155
Product 584,6168550
Product 585,6837903
Product 586,4917396
Product 587,6063543
Product 588,2674912
Product 589,3961240
Product 590,1399093
Product 591,7073925
Product 592,4844160
Product 593,9888100
Product 594,3878121
Product 595,2197735
Product 596,7686857
Product 597,8443206
Product 598,6930647
Product 599,2606421
Product 600,5357184
Product 601,8668709
Product 602,3520674
Product 603,3657453
Product 604,1916871
Product 605,8024218
Product 606,6417418
Product 607,8903331
Product 608,1406339
Product 609,6238557
Product 610,5038511
Product 611,1043291
Product 612,1980080
Product 613,8052549
Product 614,2999918
Product 615,4032740
Product 616,1408371
Product 617,4399395
Product 618,7104409
Product 619,7893153
Product 620,7142916
Product 621,7387024
Product 622,5428516
Product 623,1980927
Product 624,9711009
Product 625,2676386
Product 626,5377158
Product 627,1676183
Product 628,3858926
Product 629,6314371
Product 630,5553918
Product 631,6614106
Product 632,6808049
Product 633,3258542
Product 634,9736984
Product 635,8768735
Product 636,7203917
Product 637,1679093
Product 638,3832924
Product 639,8318045
Product 640,8174625
Product 641,4321380
Product 642,7952074
Product 643,1748019
Product 644,5650711
Product 645,8493304
Product 646,3873927
Product 647,1694490
Product 648,1163338
Product 649,2957531
Product 650,3015366
Product 651,1245244
Product 652,1462191
Product 653,5190361
Product 654,4461366
Product 655,2419269
Product 656,3909389
Product 657,7798376
Product 658,7455299
Product 659,5966729
Product 660,8207024
Product 661,2767187
Product 662,6374966
Product 663,6428588
Product 664,7913360
Product 665,2098439
Product 666,6817315
Product 667,6255337
Product 668,1318160
Product 669,5090673
Product 670,3135452
Product 671,9804577
Product 672,3953138
Product 673,6241346
Product 674,4007439
Product 675,9358987
Product 676,1912065
Product 677,8904856
Product 678,5522619
Product 679,3168879
Product 680,7197950
Product 681,3496287
Product 682,2774224
Product 683,8138525
Product 684,5171551
Product 685,2465278
Product 686,8179570
Product 687,4722693
Product 688,2520493
Product 689,3052644
Product 690,6048675
Product 691,6897354
Product 692,7145915
Product 693,3727369
Product 694,1588079
Product 695,7319585
Product 696,4660740
Product 697,3207528
Product 698,8314243
Product 699,7327256
Product 700,6161433
Product 701,8727110
Product 702,2059721
Product 703,4456419
Product 704,9090029
Product 705,8935197
Product 706,5789623
Product 707,1298595
Product 708,7475677
Product 709,8096216
Product 710,4930358
Product 711,8266413
Product 712,1039769
Product 713,4588920
Product 714,2411302
Product 715,7648580
Product 716,1657488
Product 717,9461717
Product 718,6540623
Product 719,7737996
Product 720,3498441
Product 721,5120705
Product 722,2618018
Product 723,4856949
Product 724,4577593
Product 725,1906130
Product 726,1775868
Product 727,3263813
Product 728,9344370
Product 729,9739683
Product 730,8224322
Product 731,6483110
Product 732,6136618
Product 733,9140150
Product 734,7695742
Product 735,9730720
Product 736,2102705
Product 737,4408858
Product 738,4380092
Product 739,4204010
Product 740,4199930
Product 741,8688486
Product 742,9870677
Product 743,9635951
Product 744,2174496
Product 745,7175514
Product 746,2214421
Product 747,5131287
Product 748,4523119
Product 749,5865213
Product 750,3893827
Product 751,4421787
Product 752,7528500
Product 753,2510856
Product 754,8997669
Product 755,2808110
Product 756,7168502
Product 757,8414192
Product 758,6050411
Product 759,7967124
Product 760,1165913
Product 761,3884559
Product 762,9199535
Product 763,2375219
Product 764,8291052
Product 765,2541196
Product 766,7249850
Product 767,6962664
Product 768,7929853
Product 769,4337664
Product 770,4051257
Product 771,9534528
Product 772,3091842
Product 773,9457547
Product 774,3111563
Product 775,8252026
Product 776,1773535
Product 777,7308553
Product 778,4735096
Product 779,5671671
Product 780,1939550
Product 781,3080292
Product 782,1879730
Product 783,9412312
Product 784,4480013
Product 785,4370082
Product 786,8027371
Product 787,8944616
Product 788,4835241
Product 789,8527841
Product 790,7274596
Product 791,4598207
Product 792,1002411
Product 793,3771112
Product 794,8258440
Product 795,2342479
Product 796,7558747
Product 797,5417859
Product 798,5530680
Product 799,8259098
Product 800,2802194
Product 801,3990581
Product 802,3125040
Product 803,9179865
Product 804,3711916
Product 805,7065352
Product 806,3664780
Product 807,8918811
Product 808,1870583
Product 809,9093578
Product 810,5649801
Product 811,1449052
Product 812,4894003
Product 813,5384371
Product 814,7017140
Product 815,9246743
Product 816,2022074
Product 817,4906515
Product 818,6101976
Product 819,6256991
Product 820,3300842
Product 821,5620728
Product 822,1983489
Product 823,1686182
Product 824,5833780
Product 825,2846787
Product 826,2104406
Product 827,5281753
Product 828,7305515
Product 829,6971527
Product 830,9220777
Product 831,4519431
Product 832,6644499
Product 833,7353771
Product 834,9467144
Product 835,2411536
Product 836,6816983
Product 837,2292125
Product 838,2401650
Product 839,6621839
Product 840,7151422
Product 841,3473726
Product 842,4639257
Product 843,1390165
Product 844,9133310
Product 845,9568428
Product 846,3524690
Product 847,5457559
Product 848,3219368
Product 849,8298480
Product 850,6735213
Product 851,2234020
Product 852,5998136
Product 853,8644316
Product 854,8767364
Product 855,8484675
Product 856,8639098
Product 857,2995151
Product 858,4944673
Product 859,9904143
Product 860,2252103
Product 861,7142412
Product 862,4331203
Product 863,7115045
Product 864,6392675
Product 865,8831927
Product 866,9856527
Product 867,3089344
Product 868,5186518
Product 869,3194390
Product 870,6410412
Product 871,5782515
Product 872,3569467
Product 873,2247701
Product 874,6869094
Product 875,3043854
Product 876,4769438
Product 877,6209109
Product 878,8786175
Product 879,3385368
Product 880,2332495
Product 881,3092277
Product 882,9045703
Product 883,6274917
Product 884,8516035
Product 885,9340122
Product 886,3815099
Product 887,1496565
Product 888,3460502
Product 889,5413392
Product 890,6707106
Product 891,5874309
Product 892,7581657
Product 893,9899421
Product 894,8564699
Product 895,9301933
Product 896,5032425
Product 897,7427485
Product 898,5750534
Product 899,1311750
Product 900,6134326
Product 901,1621284
Product 902,8242520
Product 903,5485420
Product 904,6394088
Product 905,4397175
Product 906,7630621
Product 907,2551762
Product 908,7150519
Product 909,6258490
Product 910,5238737
Product 911,1286683
Product 912,4784851
Product 913,3170547
Product 914,8712547
Product 915,9834720
Product 916,8586974
Product 917,9928073
Product 918,9737028
Product 919,2221659
Product 920,3429780
Product 921,9915259
Product 922,8191139
Product 923,4640170
Product 924,9066324
Product 925,4778625
Product 926,6819698
Product 927,1526793
Product 928,7851345
Product 929,6511276
Product 930,7019638
Product 931,4288172
Product 932,3046207
Product 933,9911966
Product 934,6479482
Product 935,1814568
Product 936,9014773
Product 937,6824992
Product 938,4521454
Product 939,7041538
Product 940,3488482
Product 941,7391710
Product 942,8007159
Product 943,7536884
Product 944,4311710
Product 945,4720767
Product 946,8266384
Product 947,2420495
Product 948,8241877
Product 949,2498719
Product 950,3438405
Product 951,2517453
Product 952,3865030
Product 953,9293726
Product 954,5699706
Product 955,4258588
Product 956,1289068
Product 957,9429116
Product 958,4401234
Product 959,1508708
Product 960,5878453
Product 961,6881694
Product 962,8574005
Product 963,8305317
Product 964,9441776
Product 965,4484477
Product 966,9537276
Product 967,5911393
Product 968,9816813
Product 969,6987736
Product 970,2020177
Product 971,9507353
Product 972,9013556
Product 973,8802153
Product 974,3701035
Product 975,7343656
Product 976,3316886
Product 977,8899861
Product 978,3901217
Product 979,5895208
Product 980,9258134
Product 981,8873682
Product 982,6131520
Product 983,6894667
Product 984,9139303
Product 985,3611834
Product 986,8048372
Product 987,3573713
Product 988,5067688
Product 989,7469743
Product 990,1214697
Product 991,8519784
Product 992,6472241
Product 993,5921098
Product 994,7009175
Product 995,9355035
Product 996,6161069
Product 997,8391306
Product 998,7925479
Product 999,1988479
Product 1000,3632840
